filename,chroma_stft,rmse,spectral_centroid,spectral_bandwidth,rolloff,zero_crossing_rate,mfcc1,mfcc2,mfcc3,mfcc4,mfcc5,mfcc6,mfcc7,mfcc8,mfcc9,mfcc10,mfcc11,mfcc12,mfcc13,mfcc14,mfcc15,mfcc16,mfcc17,mfcc18,mfcc19,mfcc20,label
asavari01.wav,0.3001611530780792,0.32496142387390137,1206.5676211613886,1155.0744518203508,1964.0631235789958,0.07410650578076626,-91.93396759033203,161.09934997558594,-74.48812866210938,5.612976551055908,-51.74175262451172,-6.595591068267822,-29.296043395996094,-30.921070098876953,-33.29132843017578,-28.63117027282715,-5.0842695236206055,-15.075148582458496,2.221334218978882,-13.635890007019043,-0.755338191986084,-8.23635482788086,-22.95735740661621,-7.8238983154296875,-16.780187606811523,-16.57798957824707,asavari
asavari02.wav,0.3278504014015198,0.28407707810401917,1427.434167170548,1217.0155999002236,2564.101161897736,0.09236716633610681,-91.26248931884766,158.8458251953125,-97.33880615234375,10.914071083068848,-51.64921188354492,2.5972137451171875,-17.95848846435547,-14.713849067687988,-21.750564575195312,-20.413681030273438,0.1321514993906021,-21.968050003051758,-4.0730366706848145,-15.467767715454102,-5.39558219909668,-16.699155807495117,-21.583614349365234,-9.299034118652344,-17.798978805541992,-12.7789945602417,asavari
asavari03.wav,0.3278504014015198,0.28407707810401917,1427.4359471986402,1217.020554967899,2564.117828463622,0.09236943389609133,-91.26251983642578,158.84576416015625,-97.33880615234375,10.91402816772461,-51.64927291870117,2.5971920490264893,-17.958539962768555,-14.713900566101074,-21.75055694580078,-20.413799285888672,0.1322184056043625,-21.968170166015625,-4.073009490966797,-15.467851638793945,-5.3956074714660645,-16.69915771484375,-21.58372688293457,-9.298957824707031,-17.79912567138672,-12.778891563415527,asavari
asavari04.wav,0.32170069217681885,0.2377983033657074,1199.283235931143,1119.9838975011862,1982.8130102009966,0.07657814616389319,-134.3679656982422,170.14149475097656,-64.37813568115234,-2.504746437072754,-32.99196243286133,-11.789264678955078,-21.476213455200195,-13.5881986618042,-30.110252380371094,-25.37093734741211,7.050521373748779,-18.552417755126953,-7.358619689941406,-9.861775398254395,-6.847192764282227,-5.516914367675781,-16.985309600830078,-3.949523687362671,-11.181010246276855,-13.042614936828613,asavari
asavari05.wav,0.28091195225715637,0.3280127942562103,1176.4675085678628,1109.8669426880233,1948.9382150372485,0.06999617538215944,-86.1469955444336,171.16957092285156,-77.14179229736328,11.516005516052246,-32.750431060791016,-5.163880348205566,-31.361757278442383,-34.88859939575195,-32.15658950805664,-20.962051391601562,-4.621369361877441,-25.67589569091797,1.3742749691009521,-12.453373908996582,-13.393020629882812,-13.500704765319824,-14.911994934082031,2.030808687210083,-11.524113655090332,-14.092501640319824,asavari
asavari25.wav,0.25359252095222473,0.07213643193244934,2293.318981886333,2167.8071663356413,4453.106406008127,0.10412446485584366,-291.2615661621094,53.986671447753906,-13.006303787231445,35.18922805786133,-12.00236988067627,9.877227783203125,0.3370324373245239,0.43877601623535156,1.4544752836227417,5.777037143707275,-4.1045989990234375,-5.075160503387451,-13.491174697875977,6.636832237243652,-10.212382316589355,3.169517755508423,0.8873066306114197,7.80389404296875,9.028800010681152,9.937735557556152,asavari
asavari26.wav,0.24988941848278046,0.008226278237998486,1867.407979187658,2128.427836474558,3730.1274444296632,0.06780268902380031,-506.7287292480469,72.20572662353516,-4.256875038146973,32.32138442993164,-3.7371511459350586,11.83263111114502,-3.119673013687134,3.4048264026641846,5.604307174682617,8.764299392700195,-2.7737295627593994,-6.58134651184082,-3.669306993484497,7.1659674644470215,-10.402642250061035,6.2326579093933105,4.219610691070557,11.14792537689209,10.74635124206543,11.502638816833496,asavari
asavari27.wav,0.24313470721244812,0.045327991247177124,1955.8104652106108,2138.6999005761263,3841.1517730807373,0.07717262480650154,-326.9944763183594,75.80353546142578,-5.442697525024414,30.121440887451172,-6.007612705230713,8.694345474243164,2.235332727432251,0.24953056871891022,0.6270012855529785,12.278155326843262,-5.087535381317139,-6.006198883056641,-6.154650688171387,4.633179664611816,-7.208890438079834,-1.8816745281219482,-3.5274178981781006,-1.7340000867843628,-3.133392810821533,6.525912761688232,asavari
asavari28.wav,0.246665358543396,0.04493455961346626,1985.672809035562,2182.1710823858416,3950.9511091391737,0.07423046572658669,-325.0377197265625,74.185302734375,-4.976626396179199,29.475997924804688,-5.2765793800354,9.945451736450195,3.7084336280822754,0.3559064567089081,-0.7382969260215759,13.35837459564209,-4.543166637420654,-5.332510471343994,-5.7718825340271,3.422990560531616,-6.420283317565918,-1.4275213479995728,-5.331048965454102,-1.3802260160446167,-3.232408285140991,5.875912189483643,asavari
asavari29.wav,0.24666625261306763,0.04493455961346626,1985.6795479970554,2182.173120046069,3950.8761095926857,0.07421912792666409,-325.0374450683594,74.18514251708984,-4.9765143394470215,29.47584342956543,-5.276390075683594,9.945284843444824,3.708407163619995,0.35614287853240967,-0.7387317419052124,13.358834266662598,-4.543646335601807,-5.331942558288574,-5.772647857666016,3.4235076904296875,-6.420598983764648,-1.4272774457931519,-5.330938339233398,-1.3801928758621216,-3.232201099395752,5.875743389129639,asavari
bagashreeTestData.wav,0.2722280025482178,0.14976732432842255,1431.968028214246,1689.7261685471565,2826.98290562113,0.06845688007933437,-172.46566772460938,129.3412322998047,-13.620833396911621,20.789249420166016,-27.041831970214844,-18.14122200012207,-23.110149383544922,-28.958518981933594,-6.353110313415527,-4.158358097076416,-14.668121337890625,-2.262922763824463,-16.65728759765625,-4.810711860656738,-10.433839797973633,-6.815606594085693,-9.875144004821777,-0.4847206175327301,-5.5702385902404785,1.346427083015442,bageshree
bageshree01.wav,0.305040180683136,0.024326398968696594,1581.1226216830644,1924.2402773849449,2815.524641574352,0.07862424112325851,-308.6401062011719,127.41683197021484,-13.599963188171387,5.070034503936768,-9.092487335205078,-11.606600761413574,-12.116759300231934,4.3998332023620605,-17.99184799194336,-13.415875434875488,4.372662544250488,5.039890766143799,13.315166473388672,8.419317245483398,-9.50860595703125,10.959628105163574,7.635203838348389,4.042340278625488,-1.9937611818313599,0.10460154712200165,bageshree
bageshree02.wav,0.3135232925415039,0.03186001256108284,1729.3447474578682,1828.2676950438558,3049.723225407556,0.09651566732778638,-277.5994873046875,118.51498413085938,-37.415870666503906,4.9731125831604,-6.330714702606201,3.574777364730835,-15.693589210510254,-6.057879447937012,-11.260475158691406,0.3682096600532532,3.99086332321167,-2.0620522499084473,7.44892692565918,10.794161796569824,-3.476990222930908,6.788993835449219,6.884771823883057,8.790726661682129,-4.35197114944458,-1.4419066905975342,bageshree
bageshree03.wav,0.36717504262924194,0.047977596521377563,1212.2129035992962,1133.2480159038298,1954.3965153649865,0.08749984882933437,-271.5016784667969,185.60386657714844,-60.261390686035156,-12.921964645385742,-0.4750541150569916,-17.956199645996094,-15.120821952819824,-4.2054924964904785,-5.171602249145508,-0.48677459359169006,2.894329071044922,-4.0965895652771,15.268214225769043,10.056039810180664,0.5141448378562927,1.310646653175354,8.588884353637695,4.146845817565918,-2.0787765979766846,4.039994716644287,bageshree
bageshree04.wav,0.3137989938259125,0.04614144563674927,1241.1614311366463,1238.0224307650926,1882.0719527017222,0.08153200887674149,-280.2874450683594,171.3237762451172,-47.86872482299805,-13.383368492126465,-14.657286643981934,7.133240222930908,-19.130901336669922,-4.466059684753418,-7.886899948120117,1.9736218452453613,9.448073387145996,-1.937836766242981,13.382329940795898,9.147052764892578,-0.958440363407135,7.088049411773682,8.20645523071289,6.015364170074463,-0.5829113721847534,-4.6105756759643555,bageshree
bageshree05.wav,0.3639490604400635,0.033887047320604324,1770.2849392880673,1768.8680951201566,2941.098882244098,0.11054770643866099,-245.18406677246094,120.92105102539062,-51.24514389038086,3.4663233757019043,2.817361831665039,5.015566825866699,-0.23009493947029114,8.656889915466309,6.119554042816162,6.391972064971924,4.231158256530762,8.557985305786133,6.057967185974121,5.093724250793457,-4.406083106994629,3.43858003616333,-4.172804355621338,11.580167770385742,-1.2781120538711548,-0.8261051774024963,bageshree
bageshree24.wav,0.1534785032272339,0.3723585605621338,1533.6661599970246,1335.2215037530677,2821.0412748826916,0.08357470249613003,-155.63462829589844,94.3247299194336,-74.39163208007812,23.523242950439453,-37.47521209716797,-8.826766014099121,-26.094898223876953,-10.055647850036621,-16.44036293029785,-25.461345672607422,-20.079442977905273,-23.032079696655273,-10.768898010253906,-16.81386947631836,-2.789207696914673,-13.52658462524414,-7.227334976196289,-9.236784934997559,-17.79636001586914,-8.867481231689453,bageshree
bageshree25.wav,0.21260397136211395,0.3163575828075409,1477.5227686437715,1241.8833505498756,2585.3760332514994,0.0979544341379644,-144.5829315185547,118.38924407958984,-70.4662857055664,16.340051651000977,-32.05717086791992,-7.587801456451416,-23.285226821899414,-15.187440872192383,-13.38439655303955,-29.70240592956543,-21.43192481994629,-18.738113403320312,-7.723667621612549,-17.634151458740234,-10.20988941192627,-12.240663528442383,-10.454253196716309,-10.65951156616211,-15.860925674438477,-7.29234504699707,bageshree
bageshree27.wav,0.24694639444351196,0.052473559975624084,1986.9180442493584,2095.3961612282515,3990.2508714988876,0.07728713658571981,-317.5594787597656,68.74116516113281,-10.56911563873291,37.49708557128906,-11.326224327087402,7.090795993804932,2.490121841430664,0.6515263915061951,0.6106058955192566,7.926508903503418,-1.8900938034057617,-3.9842910766601562,-6.591728687286377,5.602146148681641,-10.48023509979248,-0.46247926354408264,-3.9320147037506104,3.2743234634399414,5.5891923904418945,13.991138458251953,bageshree
bageshree28.wav,0.2512050271034241,0.043054401874542236,1907.2240347057314,2141.9597991807964,3919.2846339553503,0.06406272675599846,-332.7384033203125,75.66313171386719,-8.084938049316406,39.158485412597656,-6.7737836837768555,7.969787120819092,2.8550827503204346,1.7403454780578613,-0.17190220952033997,9.16074275970459,-3.1491291522979736,-4.125173091888428,-5.188248157501221,4.6102447509765625,-9.339742660522461,0.0276450514793396,-4.154987335205078,1.1253665685653687,-0.06592103838920593,8.17898178100586,bageshree
bageshree29.wav,0.25300362706184387,0.04721018671989441,2040.783118330979,2170.378672398317,4211.499533638496,0.07119798217395511,-314.3584289550781,68.47007751464844,-9.6818208694458,40.28126907348633,-10.069822311401367,8.068780899047852,0.9653787016868591,1.2391831874847412,-0.7270002365112305,8.679359436035156,-4.414419174194336,-4.6357741355896,-6.03061056137085,6.802921772003174,-7.895740509033203,-1.777329444885254,-1.518822193145752,-1.3183244466781616,-0.6530077457427979,7.844247341156006,bageshree
bageshree30.wav,0.2644944190979004,0.05266901105642319,2133.9004396938435,2151.811928201758,4216.916167551519,0.08126292509191177,-293.17156982421875,68.8188705444336,-19.52206802368164,39.939090728759766,-7.308782577514648,4.440468788146973,2.8418781757354736,0.6742454767227173,-0.25858789682388306,10.825986862182617,-4.348662853240967,-3.7487633228302,-6.917196273803711,5.883487701416016,-4.192693710327148,-5.459887981414795,0.23763367533683777,-2.5880918502807617,-2.655827522277832,7.411755084991455,bageshree
bageshree31.wav,0.2671582102775574,0.0531013049185276,2140.2808701113295,2157.4263740782826,4224.28278967323,0.08237969838428792,-292.7697448730469,65.38813781738281,-17.672361373901367,42.7569465637207,-7.2670488357543945,3.1358237266540527,-0.5944786071777344,0.21347017586231232,-1.1378896236419678,12.780733108520508,-4.106940746307373,-3.7197582721710205,-6.299233436584473,5.809884548187256,-4.788278102874756,-5.21783971786499,0.08580753952264786,-3.8414547443389893,-2.325939893722534,4.698910236358643,bageshree
bhageshreeTEST.wav,0.2980252802371979,0.02126389369368553,1707.7603751313584,1848.3823345145597,3678.836087914812,0.09605459679760062,-322.0030822753906,126.79503631591797,-43.15238571166992,33.04843521118164,-29.78871726989746,25.881763458251953,-25.678789138793945,9.707867622375488,-18.675914764404297,-7.6259355545043945,-7.154404163360596,-4.8679280281066895,7.0857253074646,-9.502941131591797,13.371969223022461,-6.649344444274902,3.8226654529571533,-8.64353084564209,2.9290945529937744,-1.5414097309112549,bageshree
bhageshreeTestData(1).wav,0.2947356104850769,0.019248206168413162,2008.7378693030464,2032.539158443874,4492.43116821667,0.10658249987906347,-323.3576965332031,109.33480072021484,-41.52040100097656,33.52774429321289,-24.38361930847168,28.860361099243164,-24.350282669067383,21.73952293395996,-10.580821990966797,-3.5221729278564453,0.21501608192920685,-5.13106107711792,5.240196704864502,-12.620553970336914,4.4272141456604,-8.751863479614258,7.351926803588867,-2.8682491779327393,11.25829792022705,-1.651605248451233,bageshree
Bhairavi01.wav,0.37703022360801697,0.1631038933992386,1461.0001743075168,1519.038457910322,2284.2778539509964,0.08251877539667182,-128.92193603515625,141.33555603027344,-55.773414611816406,-18.197736740112305,-11.922562599182129,12.168355941772461,-3.6137535572052,8.902584075927734,-11.133626937866211,14.232682228088379,16.682870864868164,-8.87438678741455,-4.542259216308594,9.17546272277832,-4.299664497375488,-2.7337327003479004,-9.547857284545898,-0.6526389718055725,-13.298208236694336,-4.6429924964904785,bhairavi
Bhairavi02.wav,0.3118520975112915,0.16560949385166168,1463.2145716684429,1589.2608728078076,2345.3608179240036,0.07983625193498452,-145.1330108642578,138.77377319335938,-47.150455474853516,-18.44624900817871,-11.472078323364258,11.994815826416016,-5.9493889808654785,10.786595344543457,-16.83066749572754,15.97714900970459,17.30840492248535,-13.397130012512207,0.6061882972717285,7.148399829864502,-6.410017013549805,-3.225158452987671,-2.003934144973755,-4.937233924865723,-17.971784591674805,-4.800354957580566,bhairavi
Bhairavi03.wav,0.40428629517555237,0.17045164108276367,1528.8826878056168,1516.669390630696,2423.7103441551376,0.0898237198868034,-108.37200164794922,138.22076416015625,-63.03302764892578,-12.986289024353027,-16.16952133178711,16.02035140991211,-7.227369785308838,5.957399368286133,-7.657566547393799,11.327634811401367,10.085580825805664,-6.758269786834717,-2.8750762939453125,5.151512145996094,-3.955364942550659,-1.7655210494995117,-4.4116363525390625,0.40602266788482666,-12.436704635620117,-3.63319730758667,bhairavi
Bhairavi04.wav,0.36734262108802795,0.1393285095691681,1496.5284155660117,1576.3386854015366,2355.269091343363,0.08578519555437307,-149.07691955566406,137.95321655273438,-52.07188415527344,-17.93402671813965,-10.662205696105957,12.291666984558105,-6.6384358406066895,10.008073806762695,-13.81531047821045,17.69147491455078,14.915419578552246,-11.628765106201172,2.8860814571380615,5.493313312530518,-11.727532386779785,-2.661242723464966,-1.990687370300293,-1.6997323036193848,-15.397871971130371,-5.6574625968933105,bhairavi
Bhairavi05.wav,0.3108750283718109,0.16209524869918823,1481.6729644069235,1635.2891222515807,2447.7018657483554,0.07506114853424922,-155.30555725097656,133.62884521484375,-45.53269958496094,-15.731071472167969,-11.93309497833252,10.5538911819458,-4.613823413848877,13.683170318603516,-11.964451789855957,21.08915138244629,18.80786895751953,-13.603739738464355,3.609525680541992,7.265757083892822,-9.285499572753906,-6.142116546630859,-6.1452531814575195,-4.372519016265869,-12.152935981750488,-2.6930301189422607,bhairavi
bhairavi27.wav,0.2646404206752777,0.061874765902757645,2141.8748040524806,2121.4252637669215,4153.991548048084,0.08575987446787926,-300.9488830566406,59.942169189453125,-16.960548400878906,45.64277267456055,-7.482889175415039,-0.5862796306610107,3.71096134185791,1.3603583574295044,0.41841983795166016,7.164663314819336,-6.149400234222412,-6.177703380584717,-9.838179588317871,6.250053882598877,-7.189445495605469,1.3436206579208374,1.2394391298294067,1.463089942932129,0.6557503938674927,2.2571165561676025,bhairavi
bhairavi28.wav,0.26833996176719666,0.0633884146809578,2257.4884848427428,2173.954738950531,4366.531929512142,0.09301266507836688,-297.7019348144531,51.89877700805664,-16.04191780090332,48.15278625488281,-7.830545902252197,-3.7425873279571533,2.9607295989990234,6.100599765777588,-1.0987926721572876,4.727503776550293,-3.7704198360443115,-5.128515243530273,-10.828293800354004,7.376237869262695,-7.388439655303955,1.7837756872177124,2.270017147064209,4.098773002624512,4.046500205993652,5.331246852874756,bhairavi
bhairavi29.wav,0.26115235686302185,0.0664462223649025,2294.6292163394037,2189.0472348246917,4469.539639971943,0.09525603775638544,-289.9342346191406,49.808860778808594,-14.703757286071777,48.551902770996094,-10.288233757019043,-2.198460340499878,3.141145706176758,5.613927841186523,-0.9515443444252014,3.639371156692505,-3.0898327827453613,-5.7725419998168945,-9.748594284057617,5.928948879241943,-6.473994255065918,0.16430966556072235,3.1189260482788086,4.025716304779053,3.8205127716064453,6.750032424926758,bhairavi
bhairavi30.wav,0.2619829773902893,0.06062007322907448,2200.1923173643972,2209.4204170977055,4309.490607766544,0.0848585193740325,-297.0203857421875,56.00094223022461,-13.152069091796875,45.45487594604492,-5.704041004180908,-2.722031831741333,3.7497098445892334,3.6388351917266846,-0.9630866646766663,6.703014850616455,-4.470981597900391,-6.007143020629883,-10.180154800415039,6.520683288574219,-6.6826958656311035,0.2134888768196106,1.1493290662765503,1.127638339996338,-0.01964840665459633,4.445625305175781,bhairavi
bhairavi31.wav,0.26701098680496216,0.0566781647503376,2483.171237160131,2227.910815641674,4776.1627858637285,0.10758513931888544,-287.85443115234375,41.1858024597168,-17.714502334594727,46.3168830871582,-10.769295692443848,3.0904316902160645,-0.021187135949730873,4.7649712562561035,-2.2598371505737305,5.445288181304932,-2.2295877933502197,-6.989312171936035,-8.433658599853516,10.93537425994873,-4.538761615753174,3.533578395843506,-0.21304142475128174,-1.4805908203125,1.0747087001800537,6.64306116104126,bhairavi
bhoop01.wav,0.34000733494758606,0.0030272386502474546,1230.217527843912,1194.6595308730198,1863.4053989091524,0.085457911063274,-532.6734008789062,173.56671142578125,-64.0859146118164,-17.713083267211914,-4.257724761962891,-10.729583740234375,-13.364095687866211,-9.032265663146973,-5.156599521636963,2.5854575634002686,-2.0545880794525146,-2.00041127204895,5.379134654998779,11.9813814163208,0.6020799875259399,5.233120918273926,0.001986878691241145,7.706390380859375,1.8614777326583862,-0.5026276111602783,bhoopali
bhoop02.wav,0.3104165494441986,0.019476279616355896,1226.9108901285274,1517.4215179327427,1725.0979019023316,0.057923308097910214,-383.18121337890625,157.93106079101562,-26.932300567626953,-23.430994033813477,-9.269112586975098,5.628973960876465,-19.501096725463867,2.4955193996429443,-16.555431365966797,-2.2634682655334473,14.128875732421875,4.253124713897705,-0.779638409614563,6.614947319030762,-2.455537796020508,2.4332151412963867,-12.365438461303711,7.522060871124268,-8.330870628356934,-6.785165309906006,bhoopali
bhoop03.wav,0.286102294921875,0.07047542184591293,1228.838167736249,1349.498218920316,1871.4136838174825,0.07476712158958979,-222.56048583984375,163.73101806640625,-37.12556457519531,-6.311812877655029,-6.022052764892578,7.094573974609375,-14.632996559143066,-13.319253921508789,-19.641508102416992,-2.4662322998046875,6.394847393035889,-5.478424072265625,0.8017763495445251,8.005257606506348,2.627073049545288,8.48415470123291,-1.0594894886016846,9.83517837524414,3.0662262439727783,-0.10192937403917313,bhoopali
bhoop04.wav,0.27966421842575073,0.06145698204636574,1142.3877677683447,1261.2323249673755,1708.0230051518963,0.06822369932759288,-251.52621459960938,174.84263610839844,-39.343841552734375,-5.677055358886719,-11.74580192565918,3.988664388656616,-14.064557075500488,-8.062432289123535,-19.521686553955078,-2.809889554977417,6.730682849884033,-2.4352774620056152,4.1086955070495605,10.204191207885742,7.000371932983398,10.305723190307617,-8.76603889465332,14.422118186950684,1.3079185485839844,0.018065957352519035,bhoopali
bhoop05.wav,0.2725861370563507,0.052718549966812134,1171.7041392308995,1352.0328924265086,1794.8474801361745,0.06498751330301858,-260.8066711425781,166.88958740234375,-33.896820068359375,-2.8990728855133057,-5.999363422393799,6.005956172943115,-9.743926048278809,-8.05675983428955,-23.414182662963867,-2.279971122741699,13.811097145080566,-1.7485167980194092,4.997626781463623,10.199442863464355,4.717993259429932,2.463350296020508,-4.4802398681640625,14.480417251586914,0.8115198612213135,4.836801528930664,bhoopali
bhoopali21.wav,0.2917342782020569,0.0525069385766983,2316.123485745408,2225.511424331881,4542.222533801761,0.10684667061726007,-287.44537353515625,70.43978881835938,-8.145885467529297,31.345905303955078,-2.7229256629943848,9.540545463562012,-0.7108451724052429,-3.5038247108459473,-0.6772365570068359,12.420856475830078,-2.7662017345428467,-3.788893222808838,-8.65580940246582,10.297310829162598,-4.049571514129639,-0.5576668381690979,-0.5623233914375305,-1.0970028638839722,-0.9355888366699219,6.976669788360596,bhoopali
bhoopali22.wav,0.27409467101097107,0.048750683665275574,2370.9094292974446,2211.4733462913364,4698.421589287442,0.11542333833204334,-300.23541259765625,61.88547134399414,-10.68506145477295,30.044565200805664,-10.480772972106934,12.736660957336426,-0.41519835591316223,-3.3276309967041016,0.08472955226898193,14.328767776489258,-0.6686152815818787,-5.0217180252075195,-9.157232284545898,9.930919647216797,-3.33705997467041,0.7654000520706177,2.102315664291382,2.3128092288970947,5.677264213562012,8.642919540405273,bhoopali
bhoopali23.wav,0.27808332443237305,0.046152181923389435,2389.9869448024515,2245.1432874477573,4716.238148219814,0.11006962920859133,-298.8933410644531,61.72694778442383,-8.3356294631958,30.72757911682129,-7.9205098152160645,9.925504684448242,-1.6128602027893066,-2.004693031311035,-2.141775131225586,14.455049514770508,-1.1873743534088135,-4.373261451721191,-7.436313152313232,9.672894477844238,-4.901931285858154,-0.5859635472297668,-0.39130735397338867,-0.904962420463562,3.050405979156494,9.083227157592773,bhoopali
bhoopali24.wav,0.28378698229789734,0.04307739809155464,2321.0789370573502,2195.310797247361,4601.263843453706,0.11100575355553406,-305.2853698730469,66.19786071777344,-8.70263671875,31.799457550048828,-8.33747386932373,11.183956146240234,-0.15146242082118988,-2.987739086151123,-1.8675998449325562,14.634261131286621,0.00043884370825253427,-3.7763168811798096,-8.883772850036621,10.502405166625977,-3.730574607849121,-2.6584157943725586,0.6730782985687256,-1.1229673624038696,1.2169196605682373,7.828518867492676,bhoopali
bhoopali25.wav,0.28552567958831787,0.04344454035162926,2322.238964773073,2212.481289472305,4692.021627987132,0.1065643593991873,-303.5681457519531,69.70829772949219,-9.755647659301758,32.1559944152832,-8.459139823913574,9.824514389038086,2.7992849349975586,-4.567930698394775,2.2689924240112305,13.001995086669922,-2.5184175968170166,-1.5745965242385864,-7.980220794677734,9.863067626953125,-1.1452516317367554,-1.6099566221237183,0.8085614442825317,-3.356140613555908,-3.7417423725128174,10.166892051696777,bhoopali
darbari26.wav,0.2853207588195801,0.06668657064437866,2234.685590394524,2220.5741026355095,4330.750248696488,0.09776291077799122,-306.9218444824219,59.67362594604492,-9.453927040100098,28.665184020996094,-7.476984977722168,8.025092124938965,1.046882152557373,-2.0539510250091553,1.7271523475646973,12.141738891601562,-0.3621934652328491,-7.063835144042969,-10.416943550109863,8.898198127746582,-5.620573997497559,-2.2283895015716553,-4.905026912689209,1.577655553817749,3.051109552383423,12.486821174621582,darbari
darbari27.wav,0.2981523275375366,0.06461692601442337,2235.9777051091783,2244.3816591689306,4327.335307754089,0.09363439447040499,-307.266845703125,60.70552444458008,-8.444564819335938,26.75226593017578,-6.459903717041016,8.23111343383789,1.444075584411621,-0.5744532346725464,-0.5260558724403381,13.573005676269531,-0.4332575798034668,-5.61829948425293,-9.362010955810547,7.641064167022705,-4.771081924438477,-1.8039723634719849,-5.127649784088135,1.4048089981079102,2.3934121131896973,11.192216873168945,darbari
darbari28.wav,0.26821446418762207,0.06478311866521835,2184.017744904873,2235.4050926358223,4277.703065576564,0.08802180503731344,-303.1350402832031,62.421749114990234,-4.93713903427124,30.46786117553711,-9.007414817810059,7.642266273498535,4.02320671081543,0.09831467270851135,-0.9489706754684448,11.491270065307617,-0.4725724458694458,-3.576629400253296,-10.11251449584961,5.91637659072876,-6.004455089569092,-1.386397123336792,-4.976400852203369,1.5057650804519653,0.8050093054771423,10.484798431396484,darbari
darbari29.wav,0.2724840044975281,0.06826898455619812,2190.609698860405,2216.714053642791,4231.058602449889,0.09090187395601336,-301.1158752441406,59.43594741821289,-7.684032917022705,29.875778198242188,-7.010354995727539,6.957714080810547,2.0097761154174805,0.4831739664077759,-1.6307655572891235,11.924468040466309,0.5040604472160339,-6.581022262573242,-7.792567253112793,7.5012006759643555,-6.882889270782471,-0.9012930393218994,-5.515965938568115,2.010756254196167,2.0556037425994873,9.89410400390625,darbari
darbari30.wav,0.2604890763759613,0.06738455593585968,2191.335813161024,2213.526287445977,4274.438035676496,0.09277013085496615,-301.1422424316406,61.549034118652344,-7.955483913421631,29.16203498840332,-8.906747817993164,7.791163444519043,2.6298575401306152,-1.052174687385559,0.27589643001556396,13.050655364990234,0.10896206647157669,-4.810561180114746,-8.306999206542969,5.93278694152832,-6.512002944946289,-0.14265108108520508,-4.739048480987549,2.602147340774536,1.9386292695999146,12.336119651794434,darbari
DKanada01.wav,0.29912322759628296,0.26718977093696594,1355.8327363852952,1345.838592786949,2094.7206668440404,0.08529691430437307,-97.54301452636719,149.8173065185547,-61.10087203979492,-11.622271537780762,-15.406234741210938,-6.902413368225098,-27.280977249145508,-16.51327896118164,-29.166929244995117,-1.4693907499313354,0.4868951439857483,-9.435640335083008,6.550799369812012,3.698899507522583,-2.176048755645752,-1.0180107355117798,-5.910248279571533,6.393479824066162,-8.810603141784668,-4.302171230316162,dkanada
DKanada02.wav,0.2907825708389282,0.2615712285041809,1347.721464139391,1379.6796455387519,2216.728262414135,0.0778071636755031,-109.34263610839844,147.37135314941406,-55.080989837646484,-4.781198024749756,-16.04547882080078,-13.386543273925781,-23.650365829467773,-8.686025619506836,-26.053495407104492,-1.625449776649475,2.5342321395874023,-10.152767181396484,4.966306686401367,2.532956600189209,-4.232982635498047,-0.7151951789855957,-5.047989845275879,3.1306276321411133,-7.699707984924316,-4.127578258514404,dkanada
DKanada03.wav,0.30063456296920776,0.237321674823761,1364.3849128470613,1374.7551492970074,2358.3107396175988,0.0813812161377709,-103.44084930419922,151.29164123535156,-59.392112731933594,-1.9229652881622314,-13.546792984008789,-19.545799255371094,-20.889726638793945,-6.647768497467041,-31.340526580810547,-3.4285082817077637,6.942806243896484,-2.2890617847442627,10.574121475219727,0.6506010293960571,-11.164552688598633,0.33034107089042664,-0.8156140446662903,9.423789978027344,-9.917994499206543,-0.8950881361961365,dkanada
DKanada04.wav,0.32887914776802063,0.1834808737039566,1344.827473638113,1375.0518991301317,2223.6532205398607,0.08251915332333591,-122.24873352050781,155.2873992919922,-58.1823616027832,-1.7604564428329468,-11.407998085021973,-14.4298734664917,-19.410268783569336,-9.120004653930664,-27.9605770111084,-1.4710723161697388,-0.2894034683704376,-5.225218772888184,10.806548118591309,2.1542751789093018,-7.659879684448242,3.846860647201538,-1.9964179992675781,7.5046467781066895,-8.043014526367188,-3.3004350662231445,dkanada
DKanada05.wav,0.292413592338562,0.2141929566860199,1295.5819346026499,1353.9694306184717,2147.3120154980165,0.07429471325948142,-115.6480484008789,156.2044219970703,-56.557735443115234,-3.0107908248901367,-10.321268081665039,-15.759732246398926,-25.080425262451172,-12.069329261779785,-26.92066192626953,-2.955538034439087,4.233229160308838,-3.0174269676208496,10.791691780090332,-1.3023589849472046,-5.933848857879639,3.377671957015991,-2.979759931564331,9.613073348999023,-8.660277366638184,-3.3575541973114014,dkanada
malkauns01.wav,0.36599892377853394,0.06623202562332153,1251.7748430007787,1210.8376055806307,1932.529980922262,0.08464196739551083,-234.51058959960938,172.73826599121094,-53.132503509521484,-7.8037590980529785,-19.612051010131836,1.5513566732406616,-23.53391456604004,0.8501420617103577,-9.198553085327148,-0.8348099589347839,1.8897950649261475,-1.6459721326828003,12.533778190612793,6.3011908531188965,-0.3921768069267273,2.994722366333008,5.226987361907959,3.7048280239105225,-0.47730115056037903,-2.412680149078369,malkauns
malkauns02.wav,0.3260730504989624,0.054997023195028305,1303.3214177870236,1377.857852309056,2002.0128941019252,0.08195831015383127,-245.6785430908203,160.95120239257812,-40.66526412963867,-10.090019226074219,-12.306985855102539,5.621670246124268,-30.318069458007812,-4.0786004066467285,-8.465057373046875,-4.544516086578369,0.5461687445640564,-0.10419595241546631,10.792354583740234,8.507695198059082,1.3353703022003174,3.639260768890381,9.845252990722656,4.547034740447998,1.1295857429504395,-2.823402166366577,malkauns
malkauns03.wav,0.34809809923171997,0.0747205913066864,1307.518976871303,1294.3209304825475,2002.729556435033,0.08841065208978328,-224.8772735595703,164.66285705566406,-51.15702438354492,-13.578437805175781,-2.9323298931121826,-2.4251058101654053,-33.03801727294922,-7.7835373878479,-7.43145751953125,-3.1093156337738037,1.4749572277069092,2.776087760925293,4.95130729675293,11.283604621887207,-0.28111574053764343,9.56435775756836,3.1793465614318848,12.79942798614502,-0.3755730390548706,-2.3721296787261963,malkauns
malkauns04.wav,0.27292129397392273,0.10635898262262344,1303.0294940101176,1324.0667776661344,1952.9798572646575,0.08047154665731424,-211.9586944580078,151.78204345703125,-44.32533264160156,-11.734923362731934,-15.516683578491211,2.592020273208618,-31.6113224029541,-8.159996032714844,-12.317936897277832,-5.763550758361816,1.9353147745132446,-4.1730055809021,2.675719976425171,9.787581443786621,5.393308162689209,7.480158805847168,6.693688869476318,8.472526550292969,-1.9439771175384521,-2.0622963905334473,malkauns
malkauns05.wav,0.34560808539390564,0.06514475494623184,1161.2935474087196,1004.4227096827527,1782.62255405863,0.08467824835526316,-268.9369812011719,196.03204345703125,-61.84721374511719,-21.57407569885254,-2.5534608364105225,-12.251320838928223,-15.402623176574707,-6.331269264221191,-12.20635986328125,-0.26682206988334656,5.048715591430664,-2.6969118118286133,10.990090370178223,6.472233772277832,0.01341016124933958,2.5140812397003174,7.096947193145752,5.984363555908203,-1.2092692852020264,-1.152558445930481,malkauns
malkauns25.wav,0.30770087242126465,0.05988204479217529,1688.7865233666698,1997.5392636088886,3359.1796875,0.06517473759541985,-291.23333740234375,87.27383422851562,-17.146589279174805,33.857059478759766,2.128378391265869,14.809866905212402,4.107217788696289,0.18283206224441528,1.621848702430725,14.464529037475586,1.44070303440094,-4.913309574127197,-2.81539249420166,10.347163200378418,-3.4493424892425537,6.100953578948975,-4.039371967315674,-2.6554505825042725,-3.6539456844329834,-3.140533208847046,malkauns
malkauns26.wav,0.26944059133529663,0.049182262271642685,1947.3620561943394,2165.407932348151,3829.686926001665,0.08123683630485894,-341.28497314453125,73.7015609741211,-6.452373504638672,28.70711326599121,-8.882132530212402,2.356302499771118,3.4581515789031982,-0.2677099406719208,-0.04570174589753151,5.653369426727295,-5.631704330444336,-1.055379033088684,-10.467048645019531,7.663809776306152,-12.223732948303223,-2.439558744430542,-2.43208909034729,9.66036605834961,14.639557838439941,20.867704391479492,malkauns
malkauns27.wav,0.2773745357990265,0.05526941642165184,1993.5561953700487,2130.753407467229,3851.540764596395,0.08698370763126959,-325.7664489746094,73.4905776977539,-10.93678092956543,26.351289749145508,-9.394926071166992,5.570240020751953,2.8397159576416016,0.21574559807777405,-1.0434308052062988,8.798578262329102,-3.7826123237609863,-3.223410129547119,-9.784333229064941,7.200558185577393,-13.783721923828125,-0.9161853194236755,-2.183478832244873,4.685113906860352,11.148221015930176,15.321721076965332,malkauns
malkauns28.wav,0.2950339913368225,0.05212843418121338,1846.7025387249191,2048.5615704348443,3527.810647703379,0.07958361278277262,-317.01116943359375,85.71521759033203,-11.737703323364258,28.932281494140625,1.6175144910812378,11.868793487548828,4.534511566162109,0.5406110882759094,-0.35920318961143494,12.352651596069336,-2.00398325920105,-5.9884748458862305,-4.4559736251831055,9.16020679473877,-5.448592185974121,2.036170244216919,-2.929826498031616,-5.0726189613342285,-3.20151424407959,-0.6473543047904968,malkauns
malkauns29.wav,0.25360193848609924,0.00762184476479888,1910.2879250335325,2166.5788280351667,3904.2013918283187,0.06586468109036378,-492.3209228515625,73.94920349121094,-6.026848316192627,39.07477951049805,-1.6330591440200806,6.060659885406494,-2.18947696685791,4.200408458709717,-0.24540549516677856,9.212552070617676,-0.6457920670509338,-7.045237064361572,-3.1993305683135986,10.616340637207031,-7.163813591003418,3.797438144683838,-3.6746773719787598,-1.1505910158157349,-0.7286875247955322,7.012109756469727,malkauns
sarang01.wav,0.24855808913707733,0.07644936442375183,1099.0301123960944,1270.739168293091,1777.0392544867454,0.05790932481133901,-280.7006530761719,165.6331329345703,-27.69849967956543,-16.947559356689453,4.330998420715332,0.19172151386737823,-27.789764404296875,-9.297660827636719,-8.069515228271484,2.7139317989349365,1.175534725189209,-5.663010120391846,5.399984836578369,6.13216495513916,1.2058618068695068,0.9107021689414978,-5.880588531494141,1.8011394739151,-4.204570770263672,-2.1998016834259033,sarangi
sarang02.wav,0.28562530875205994,0.0557321235537529,1154.015388926554,1196.9122023992481,1769.1559688225618,0.0729867090750774,-283.3614501953125,183.34164428710938,-43.35567092895508,-14.426125526428223,1.5658282041549683,-1.666475772857666,-16.49789810180664,-6.127664566040039,-9.089287757873535,9.755056381225586,7.474131107330322,-1.479365587234497,4.378007888793945,7.103559494018555,0.01504611037671566,8.618342399597168,-6.319855690002441,7.805153846740723,0.3223055899143219,-4.294034957885742,sarangi
sarang03.wav,0.2510716915130615,0.05546033754944801,1342.0370883761184,1530.3826304174104,2301.7027485850426,0.07120931997387771,-246.19131469726562,156.3414306640625,-35.97314453125,7.14007043838501,6.4845781326293945,2.6508052349090576,-12.176730155944824,2.9354043006896973,-15.734227180480957,3.0815494060516357,4.210833549499512,0.14762967824935913,-4.774448394775391,7.138086795806885,4.4164910316467285,11.399482727050781,-3.4112470149993896,12.449519157409668,-3.304396152496338,-2.189586877822876,sarangi
sarang04.wav,0.26929301023483276,0.08565119653940201,1210.7550695877878,1328.113876200384,1793.080824152235,0.07013600824787151,-245.7185516357422,167.7080535888672,-34.71922302246094,-21.909704208374023,-6.295685291290283,2.9024481773376465,-24.81041145324707,-10.046477317810059,-8.054706573486328,6.169333457946777,3.248776912689209,-4.080688953399658,3.063018798828125,3.5082948207855225,-0.2596316635608673,4.831193923950195,-8.806915283203125,7.6513566970825195,-3.0444774627685547,-0.3086831271648407,sarangi
sarang05.wav,0.24186435341835022,0.0609264150261879,1268.5348946781767,1405.91505075845,2037.6126788348975,0.07254982585139319,-236.08847045898438,163.91673278808594,-37.7857551574707,3.998953104019165,5.722872257232666,7.4347147941589355,-15.958033561706543,-10.156962394714355,-16.71927833557129,1.3573782444000244,-3.4748082160949707,1.6445722579956055,6.973215579986572,7.3712239265441895,3.7886838912963867,6.047165870666504,-5.538993835449219,11.985395431518555,9.347929954528809,2.3820981979370117,sarangi
sarang16.wav,0.2794712781906128,0.06611277163028717,2217.1140916921727,2214.4484489517795,4343.70224371189,0.09466145833333334,-319.05279541015625,57.73971176147461,-7.234041690826416,24.86652946472168,-9.524296760559082,9.058947563171387,4.433056354522705,-3.1263210773468018,2.089902400970459,10.416999816894531,-1.6640866994857788,-4.425436019897461,-12.146042823791504,6.9171319007873535,0.4980581998825073,8.52273941040039,8.56082534790039,7.948928356170654,-0.6359267830848694,2.552493095397949,sarangi
sarang17.wav,0.2829996347427368,0.06529752910137177,2132.7859548549554,2209.0521566053258,4149.255668826219,0.08670207698170732,-319.8355712890625,60.37450408935547,-8.162398338317871,23.125234603881836,-6.676198959350586,10.40532398223877,0.30960193276405334,0.4889344871044159,1.138996958732605,9.129643440246582,-0.6882316470146179,-8.028900146484375,-11.656034469604492,10.673271179199219,-3.474693536758423,9.348069190979004,7.440636157989502,9.764077186584473,1.3360309600830078,1.2460966110229492,sarangi
sarang18.wav,0.26934900879859924,0.0706423819065094,2162.7583351337676,2208.560491881863,4283.678843674151,0.08738575166868932,-308.50634765625,57.170066833496094,-7.325550079345703,25.63961410522461,-12.14260482788086,10.219117164611816,4.885080814361572,-0.8769030570983887,1.1208899021148682,9.520902633666992,-0.9436370730400085,-6.270861625671387,-10.672991752624512,7.570947170257568,-0.4101428687572479,9.025080680847168,7.977383613586426,9.536584854125977,-1.0923960208892822,3.0524468421936035,sarangi
sarang19.wav,0.2689386308193207,0.06602098792791367,2186.1420116543227,2191.5065400019425,4269.202627661256,0.09282037178541315,-320.05609130859375,58.026546478271484,-8.054034233093262,26.02521324157715,-9.053949356079102,7.319282531738281,6.181949615478516,-0.9129535555839539,1.1577438116073608,10.074569702148438,-3.582034111022949,-5.700540542602539,-9.253376960754395,5.623060703277588,-0.9289427399635315,8.560426712036133,7.779252529144287,8.580941200256348,-0.09104283899068832,1.6463819742202759,sarangi
sarang20.wav,0.29855337738990784,0.06731638312339783,2136.04669761075,2234.927899651458,4305.168561829292,0.08596932755365659,-316.5415954589844,56.74212646484375,-6.441096305847168,26.297666549682617,-9.839753150939941,10.882806777954102,4.842745304107666,0.23933978378772736,1.8908493518829346,10.916221618652344,0.3522447645664215,-4.539383888244629,-12.051956176757812,7.961137771606445,2.485366106033325,10.485383987426758,6.560373783111572,8.383370399475098,-0.519599974155426,4.737364292144775,sarangi
yaman01.wav,0.37281104922294617,0.03238779678940773,1241.752550765336,1266.8574538553873,1946.4882298519738,0.09000058956559598,-298.18670654296875,173.17364501953125,-46.06658172607422,-9.782885551452637,-0.9410445094108582,2.1590077877044678,-21.794265747070312,-5.960981369018555,-0.1980229914188385,9.323278427124023,5.597839832305908,2.225188732147217,13.014687538146973,11.655180931091309,4.394625186920166,7.3357014656066895,-2.286633253097534,5.29735803604126,-3.746797561645508,0.8836976289749146,yaman
yaman02.wav,0.36953794956207275,0.058519069105386734,1207.7764297968167,1022.0311554672637,1902.088498331076,0.09524961300309598,-261.06298828125,194.58648681640625,-69.13023376464844,-17.762508392333984,6.770648956298828,-2.4380481243133545,-20.421894073486328,-5.022836685180664,-6.347479343414307,4.148978233337402,5.294525146484375,-1.9864298105239868,11.559185028076172,8.477580070495605,3.1799156665802,6.8390727043151855,-0.7870758175849915,4.830798625946045,3.0092756748199463,-0.4669281244277954,yaman
yaman03.wav,0.3844899833202362,0.06190132722258568,1280.4339824593635,1016.5714189707522,1924.5133627309888,0.10618567688177244,-261.0746154785156,187.65499877929688,-74.57206726074219,-29.324182510375977,10.987820625305176,-7.204192161560059,-20.88599395751953,-11.208704948425293,-6.281362533569336,4.176324844360352,3.969813585281372,-4.151607513427734,10.184328079223633,7.416816711425781,2.822875738143921,3.754149913787842,-2.579026937484741,5.287968635559082,0.47737905383110046,2.120230197906494,yaman
yaman04.wav,0.28151562809944153,0.05394431948661804,1128.2027632413271,1084.8456833124724,1667.7232488390093,0.07595116582817338,-311.02886962890625,186.3748779296875,-46.47907257080078,-35.459259033203125,-4.980834007263184,4.786911964416504,-5.108831405639648,-0.015168476849794388,2.189180612564087,10.890779495239258,9.652173042297363,7.429413795471191,5.1925368309021,1.8019014596939087,1.9718097448349,-0.6414806246757507,-8.300641059875488,5.369929790496826,-5.117489814758301,-4.007444858551025,yaman
yaman05.wav,0.31614428758621216,0.04271332919597626,1194.8776478661996,1176.4431881252885,1714.0396354368227,0.0822413772252322,-312.22802734375,176.36117553710938,-46.68332290649414,-35.9987678527832,-5.451423168182373,7.026369571685791,-0.3438427746295929,0.9804558753967285,1.6189261674880981,12.614116668701172,9.254277229309082,5.968963146209717,6.577121257781982,2.8572189807891846,0.6552277207374573,1.877390742301941,-9.099428176879883,4.689609527587891,-9.94489574432373,-3.9833614826202393,yaman
yaman23.wav,0.24850773811340332,0.06380495429039001,2216.747955384107,2209.011806834685,4373.365221525493,0.08342768902380031,-282.796875,55.75475311279297,-8.154681205749512,48.59195327758789,-10.85921859741211,-0.60309898853302,2.5261499881744385,2.8029625415802,-4.291220664978027,8.073290824890137,-2.595855951309204,-4.952980041503906,-11.167519569396973,5.938828945159912,-5.866591930389404,-4.359836578369141,-1.0756309032440186,-0.14657533168792725,-6.8782219886779785,2.5395283699035645,yaman
yaman24.wav,0.24847251176834106,0.0672229528427124,2192.76011288755,2182.6147271876403,4309.573940595975,0.08031810843169504,-280.28363037109375,54.8604621887207,-9.448212623596191,50.448646545410156,-9.166491508483887,-0.1346444934606552,1.9145692586898804,2.312082290649414,-5.117711544036865,9.142304420471191,-3.248950481414795,-5.677529811859131,-11.06246566772461,6.692723751068115,-6.510656833648682,-4.363201141357422,-1.5362446308135986,-0.2514520287513733,-5.829583644866943,1.5473085641860962,yaman
yaman25.wav,0.24436677992343903,0.06409697979688644,2130.8204024207066,2175.3309128040214,4212.974524719427,0.0755985602505805,-286.3712158203125,59.6508674621582,-7.611388683319092,48.705047607421875,-10.890286445617676,1.024476170539856,2.472390651702881,1.691992998123169,-3.911546230316162,7.910617351531982,-3.267911434173584,-6.076378345489502,-10.386578559875488,6.324297904968262,-7.660006523132324,-2.097081422805786,-3.078908920288086,-1.5045541524887085,-5.8912835121154785,-0.21271361410617828,yaman
yaman26.wav,0.24992920458316803,0.06030257046222687,2169.894415470108,2180.9489114013327,4282.490771030863,0.08003428550696594,-289.6728515625,58.16923904418945,-8.294730186462402,49.484718322753906,-11.741596221923828,0.8599808216094971,3.8550643920898438,1.525405764579773,-3.0216312408447266,7.271780490875244,-2.249417304992676,-4.929293155670166,-11.951807022094727,7.005311965942383,-6.650077819824219,-2.3081836700439453,-1.6579999923706055,-1.7200011014938354,-5.166196823120117,1.862831473350525,yaman
yaman27.wav,0.24212872982025146,0.06425884366035461,2065.1891804174397,2182.9386697231553,4162.908160797214,0.06849882993904799,-293.03564453125,61.75722122192383,-4.482075214385986,50.70155715942383,-8.862320899963379,-0.0022109653800725937,2.917165756225586,0.44505929946899414,-3.8841726779937744,9.682930946350098,-2.929898500442505,-4.050656318664551,-11.890830993652344,6.287179470062256,-6.939451694488525,-3.9984118938446045,-0.9339906573295593,-2.034965753555298,-5.829527854919434,3.1309142112731934,yaman
